"DESCRIPTION","DURATION IN MS","NAME","PARENT SUITE","START TIME","STATUS","STOP TIME","SUB SUITE","SUITE","TEST CLASS","TEST METHOD"
"","2018","test_send_message","tests","Wed Sep 10 11:50:10 UTC 2025","passed","Wed Sep 10 11:50:12 UTC 2025","ExampleTestCase","test_example","",""
"","1809","test_send_message","tests","Wed Sep 10 11:50:28 UTC 2025","passed","Wed Sep 10 11:50:30 UTC 2025","ExampleTestCase","test_example","",""
"","2131","test_send_message","tests","Wed Sep 10 11:50:02 UTC 2025","passed","Wed Sep 10 11:50:04 UTC 2025","ExampleTestCase","test_example","",""
"","8399","test_page_title","tests","Wed Sep 10 11:49:54 UTC 2025","passed","Wed Sep 10 11:50:02 UTC 2025","ExampleTestCase","test_example","",""
"","2919","test_page_title","tests","Wed Sep 10 11:49:56 UTC 2025","passed","Wed Sep 10 11:49:59 UTC 2025","ExampleTestCase","test_example","",""
"","31829","test_page_title","tests","Wed Sep 10 11:49:56 UTC 2025","passed","Wed Sep 10 11:50:28 UTC 2025","ExampleTestCase","test_example","",""
"","3950","test_page_title","tests","Wed Sep 10 11:50:01 UTC 2025","passed","Wed Sep 10 11:50:05 UTC 2025","ExampleTestCase","test_example","",""
"","3207","test_page_title","tests","Wed Sep 10 11:49:56 UTC 2025","passed","Wed Sep 10 11:49:59 UTC 2025","ExampleTestCase","test_example","",""
"","3039","test_send_message","tests","Wed Sep 10 11:49:59 UTC 2025","passed","Wed Sep 10 11:50:02 UTC 2025","ExampleTestCase","test_example","",""
"","3678","test_send_message","tests","Wed Sep 10 11:50:05 UTC 2025","passed","Wed Sep 10 11:50:08 UTC 2025","ExampleTestCase","test_example","",""
"","12974","test_page_title","tests","Wed Sep 10 11:49:57 UTC 2025","passed","Wed Sep 10 11:50:10 UTC 2025","ExampleTestCase","test_example","",""
"","3645","test_send_message","tests","Wed Sep 10 11:49:59 UTC 2025","passed","Wed Sep 10 11:50:03 UTC 2025","ExampleTestCase","test_example","",""
